{"stats":{"minecraft:mined":{"minecraft:short_grass":6,"minecraft:birch_leaves":1},"minecraft:custom":{"minecraft:jump":25,"minecraft:time_since_rest":1477,"minecraft:damage_dealt":40,"minecraft:leave_game":1,"minecraft:sprint_one_cm":2684,"minecraft:play_time":1477,"minecraft:time_since_death":1477,"minecraft:walk_one_cm":16165,"minecraft:total_world_time":1477,"minecraft:mob_kills":1,"minecraft:fall_one_cm":418,"minecraft:fly_one_cm":2072},"minecraft:picked_up":{"minecraft:feather":1,"minecraft:chicken":1},"minecraft:killed":{"minecraft:chicken":1}},"DataVersion":3953}